tns_name,previous_name,repeater_name,snr_fitb,dm_fitb,dm_fitb_err,flux,flux_err,flux_notes,fluence,fluence_err,fluence_notes
FRB20180725A,180725.J0613+67,-9999,33.2,715.809,0.004,2,1,-9999,4,2,-9999
FRB20180727A,180727.J1311+26,-9999,12.2,642.13,0.02,0.6,0.3,-9999,2.3,0.8,-9999
FRB20180729A,180729.J1316+55,-9999,206.6,109.5942,0.0003,12,7,-9999,20,10,-9999
FRB20180729B,180729.J0558+56,-9999,22,317.224,0.004,0.9,0.6,-9999,1.2,0.7,-9999
FRB20180730A,180730.J0353+87,-9999,89.8,848.904,0.002,5,3,-9999,30,10,-9999
FRB20180801A,180801.J2130+72,-9999,40.9,655.73,0.02,1.1,0.7,-9999,8,5,-9999
FRB20180806A,180806.J1515+75,-9999,14.4,739.948,0.008,2,2,-9999,8,7,-9999
FRB20180810A,180810.J0646+34,-9999,16.5,414.88,0.004,1.1,0.9,-9999,2,1,-9999
FRB20180810B,180810.J1159+83,-9999,55.1,169.139,0.002,5,1,-9999,8,2,-9999
FRB20180812A,180812.J0112+80,-9999,20.5,802.45,0.03,0.9,0.6,-9999,5,3,-9999
FRB20180814B,180814.J1554+74,-9999,24.4,238.347,0.003,3,3,-9999,11,8,-9999
FRB20180814B,180814.J1554+74,-9999,24.4,238.347,0.003,3,3,-9999,11,8,-9999
FRB20180814A,180814.J0422+73,FRB20180814A,22.1,189.29,0.08,0.4,0.3,-9999,3,1,-9999
FRB20180817A,180817.J1533+42,-9999,65.1,1006.771,0.008,2,2,-9999,30,20,-9999
FRB20180904A,-9999,-9999,74.6,361.1374,0.0008,4,2,-9999,6,3,-9999
FRB20180906A,-9999,-9999,10.9,383.46,0.01,2,1,-9999,3,1,-9999
FRB20180906B,-9999,-9999,17.9,3038.06,0.02,0.4,0.2,-9999,1.5,0.9,-9999
FRB20180907D,-9999,-9999,13.8,1447.1,0.01,0.9,0.6,-9999,5,2,-9999
FRB20180907A,-9999,-9999,25.4,877.24,0.01,0.9,0.6,-9999,3,1,-9999
FRB20180907B,-9999,-9999,19.3,658.19,0.005,1.1,0.7,-9999,3,2,-9999
FRB20180907C,-9999,-9999,17.1,638.2,0.003,1.1,0.5,-9999,1.5,0.7,-9999
FRB20180907E,-9999,-9999,20.3,383.4,0.1,0.7,0.5,-9999,7,4,-9999
FRB20180908B,180908.J1232+74,FRB20180908B,30.2,195.239,0.006,1.2,0.5,-9999,5,2,-9999
FRB20180909A,-9999,-9999,13.9,408.65,0.08,0.3,0.2,-9999,1,0.4,-9999
FRB20180910A,-9999,-9999,50.4,684.408,0.001,7,3,-9999,6,3,-9999
FRB20180911C,-9999,FRB20180814A,23.3,189.8,0.2,1,0.5,-9999,6,2,-9999
FRB20180911A,-9999,-9999,26.8,221.25,0.01,2,1,-9999,3,2,-9999
FRB20180915A,-9999,-9999,16.3,371.03,0.01,2,1,-9999,6,3,-9999
FRB20180915B,-9999,-9999,36.1,177.13,0.02,1,0.4,-9999,4,1,-9999
FRB20180916A,-9999,-9999,32.5,296.028,0.002,2,1,-9999,4,2,-9999
FRB20180916B,180916.J0158+65,FRB20180916B,36.7,349.349,0.006,1.8,0.7,-9999,6,2,-9999
FRB20180916C,-9999,-9999,15.6,2252.87,0.04,0.4,0.3,-9999,2,1,-9999
FRB20180917B,-9999,-9999,24.3,857.04,0.03,1,0.5,-9999,8,3,-9999
FRB20180917A,-9999,FRB20180814A,46.6,189.92,0.02,3,3,-9999,50,30,-9999
FRB20180917A,-9999,FRB20180814A,46.6,189.92,0.02,3,3,-9999,50,30,-9999
FRB20180917A,-9999,FRB20180814A,46.6,189.92,0.02,3,3,-9999,50,30,-9999
FRB20180918A,-9999,-9999,24.4,1453.988,0.006,1.4,0.6,-9999,4,1,-9999
FRB20180919B,-9999,-9999,18.8,560.221,0.007,2.6,0.9,-9999,3,1,-9999
FRB20180919A,-9999,FRB20180814A,14.6,188.8,0.3,0.6,0.3,-9999,3,1,-9999
FRB20180920A,-9999,-9999,20.2,555.7,0.2,0.9,0.6,-9999,8,5,-9999
FRB20180920B,-9999,-9999,15.8,463.4,0.3,0.4,0.2,-9999,1.7,0.5,-9999
FRB20180921A,-9999,-9999,11.1,394.37,0.02,0.9,0.4,-9999,2,2,-9999
FRB20180922A,-9999,-9999,32.4,555.69,0.01,3,2,-9999,8,5,-9999
FRB20180923A,-9999,-9999,24.3,219.44,0.006,0.8,0.5,-9999,1.2,0.7,-9999
FRB20180923D,-9999,-9999,91,329.4,0.002,2,1,-9999,2,1,-9999
FRB20180923C,-9999,-9999,17.7,173.984,0.007,0.9,0.5,-9999,1.4,0.5,-9999
FRB20180924A,-9999,-9999,21.4,1116.546,0.003,1.3,0.5,-9999,3,1,-9999
FRB20180925A,-9999,-9999,13.7,237.74,0.05,1,0.8,-9999,9,4,-9999
FRB20180925B,-9999,-9999,16.1,667.87,0.01,0.8,0.5,-9999,3,1,-9999
FRB20180928A,-9999,-9999,66,252.768,0.005,1.3,0.6,-9999,3,1,-9999
FRB20181012B,-9999,-9999,16.1,715.19,0.04,0.5,0.3,-9999,1.4,0.5,-9999
FRB20181013A,-9999,-9999,31.4,309.305,0.002,2.8,0.9,-9999,4,1,-9999
FRB20181013E,-9999,-9999,12.8,345.3,0.02,0.6,0.2,-9999,2,0.5,-9999
FRB20181013B,-9999,-9999,29.9,277.51,0.07,0.6,0.5,-9999,20,10,-9999
FRB20181013C,-9999,-9999,15.1,1005.77,0.01,0.4,0.3,-9999,1.6,0.9,-9999
FRB20181014A,-9999,-9999,20.6,1314.89,0.008,1,0.6,-9999,3,1,-9999
FRB20181014B,-9999,-9999,26.2,887.972,0.007,0.6,0.3,-9999,1.9,0.6,-9999
FRB20181014C,-9999,-9999,11.1,752.167,0.009,0.6,0.3,-9999,1.5,0.5,-9999
FRB20181014D,-9999,-9999,13.9,377.13,0.01,8,5,-9999,20,10,-9999
FRB20181015A,-9999,-9999,13.3,568.823,0.006,1.5,0.9,-9999,3,2,-9999
FRB20181017B,-9999,-9999,18.6,307.37,0.03,1.1,0.7,-9999,7,4,-9999
FRB20181017A,181017.J1705+68,FRB20181017A,22.4,1281.88,0.05,0.7,0.4,-9999,16,6,-9999
FRB20181018B,-9999,-9999,51.3,293.867,0.0009,5,4,-9999,8,5,-9999
FRB20181018A,-9999,-9999,12.9,1129.45,0.09,0.5,0.4,-9999,6,3,-9999
FRB20181018C,-9999,-9999,41.7,411.193,0.002,2,1,-9999,3,1,-9999
FRB20181019A,-9999,FRB20180916B,27.8,348.78,0.07,0.8,0.4,-9999,10,3,-9999
FRB20181019A,-9999,FRB20180916B,27.8,348.78,0.07,0.8,0.4,-9999,10,3,-9999
FRB20181019B,-9999,-9999,10.9,725.18,0.01,0.7,0.5,-9999,3,1,-9999
FRB20181019C,-9999,-9999,16.2,501.636,0.004,1.2,0.8,-9999,2,1,-9999
FRB20181020A,-9999,-9999,12.2,1112.47,0.03,0.8,0.6,-9999,5,3,-9999
FRB20181022C,-9999,-9999,14.2,528.47,0.02,0.9,0.9,-9999,3,2,-9999
FRB20181022D,-9999,-9999,52.1,514.3343,0.0009,3,1,-9999,6,3,-9999
FRB20181022E,-9999,-9999,18.8,285.99,0.01,0.7,0.3,-9999,2.1,0.8,-9999
FRB20181025A,-9999,-9999,20.8,592.564,0.004,1.5,0.6,-9999,3,1,-9999
FRB20181027A,-9999,-9999,22.3,727.744,0.006,5,4,-9999,20,10,-9999
FRB20181028A,-9999,FRB20180814A,98.4,189.106,0.006,1.3,0.6,-9999,23,7,-9999
FRB20181028A,-9999,FRB20180814A,98.4,189.106,0.006,1.3,0.6,-9999,23,7,-9999
FRB20181028A,-9999,FRB20180814A,98.4,189.106,0.006,1.3,0.6,-9999,23,7,-9999
FRB20181028A,-9999,FRB20180814A,98.4,189.106,0.006,1.3,0.6,-9999,23,7,-9999
FRB20181028A,-9999,FRB20180814A,98.4,189.106,0.006,1.3,0.6,-9999,23,7,-9999
FRB20181030C,-9999,-9999,17,668.76,0.006,2,1,-9999,6,4,-9999
FRB20181030A,181030.J1054+73,FRB20181030A,10.8,103.396,0.006,4,4,-9999,8,6,-9999
FRB20181030B,-9999,FRB20181030A,32.9,103.643,0.005,2,2,-9999,7,4,-9999
FRB20181030D,-9999,-9999,29.2,289.442,0.003,2.7,0.9,-9999,6,2,-9999
FRB20181030E,-9999,-9999,37.7,159.69,0.004,2,2,-9999,6,4,-9999
FRB20181101A,-9999,-9999,41.2,1472.68,0.06,0.5,0.3,-9999,11,5,-9999
FRB20181102A,-9999,-9999,11.9,414.465,0.009,1.5,0.5,-9999,2.5,0.9,-9999
FRB20181104A,-9999,FRB20180916B,53.9,349.439,0.009,1.5,0.4,-9999,5,1,-9999
FRB20181104B,-9999,FRB20180916B,18.6,350.1,0.2,0.3,0.3,-9999,4,1,-9999
FRB20181104C,-9999,-9999,101.3,580.8176,0.0005,10,3,-9999,21,6,-9999
FRB20181104C,-9999,-9999,101.3,580.8176,0.0005,10,3,-9999,21,6,-9999
FRB20181115A,-9999,-9999,25.2,981.61,0.02,0.4,0.2,-9999,1.9,0.5,-9999
FRB20181116A,-9999,-9999,35.9,355.433,0.002,4,1,-9999,5.2,0.9,-9999
FRB20181116B,-9999,-9999,25.8,409.88,0.02,0.7,0.2,-9999,1.9,0.4,-9999
FRB20181117C,-9999,-9999,36,1773.739,0.001,1.6,0.5,-9999,3,1,-9999
FRB20181117A,-9999,-9999,13.5,959.28,0.02,0.6,0.5,-9999,3,2,-9999
FRB20181117B,-9999,-9999,18.9,538.2,0.008,4,3,-9999,11,7,-9999
FRB20181117B,-9999,-9999,18.9,538.2,0.008,4,3,-9999,11,7,-9999
FRB20181118A,-9999,-9999,13.9,557.407,0.008,4,2,-9999,10,5,-9999
FRB20181118B,-9999,-9999,19.5,422.277,0.009,0.8,0.5,-9999,3,2,-9999
FRB20181118C,-9999,FRB20180814A,17.8,190.17,0.04,0.3,0.2,-9999,1.7,0.7,-9999
FRB20181119B,-9999,-9999,150.9,609.101,0.005,5,2,-9999,90,40,-9999
FRB20181119E,-9999,-9999,11.3,1169.77,0.02,0.7,0.4,-9999,2,1,-9999
FRB20181119D,FRB121102,FRB20121102A,41.8,564.37,0.04,0.5,0.3,-9999,13,5,-9999
FRB20181119D,FRB121102,FRB20121102A,41.8,564.37,0.04,0.5,0.3,-9999,13,5,-9999
FRB20181119D,FRB121102,FRB20121102A,41.8,564.37,0.04,0.5,0.3,-9999,13,5,-9999
FRB20181119A,181119.J12+65,FRB20181119A,21.8,364.1,0.1,0.3,0.2,-9999,4,1,-9999
FRB20181119C,-9999,-9999,40.7,284.959,0.002,3,1,-9999,3,2,-9999
FRB20181120B,-9999,FRB20180916B,22.1,349.74,0.05,1,0.4,-9999,2.7,0.8,-9999
FRB20181120C,-9999,FRB20180814A,15.1,191.7,0.3,0.4,0.2,-9999,4,1,-9999
FRB20181122A,-9999,-9999,14.9,662.82,0.02,0.5,0.3,-9999,1.4,0.6,-9999
FRB20181122B,-9999,-9999,122.9,225.7555,0.0007,15,7,-9999,20,10,-9999
FRB20181123A,-9999,-9999,19.7,798.72,0.02,1,0.5,-9999,3,1,-9999
FRB20181124B,-9999,-9999,33.8,801.645,0.004,2.6,0.9,-9999,5,2,-9999
FRB20181124A,-9999,-9999,10.3,1108.53,0.01,0.7,0.4,-9999,3,1,-9999
FRB20181125A,-9999,-9999,34.5,272.19,0.02,0.4,0.3,-9999,3,2,-9999
FRB20181125A,-9999,-9999,34.5,272.19,0.02,0.4,0.3,-9999,3,2,-9999
FRB20181125A,-9999,-9999,34.5,272.19,0.02,0.4,0.3,-9999,3,2,-9999
FRB20181126A,-9999,-9999,111,494.217,0.003,3,2,-9999,9,5,-9999
FRB20181127A,-9999,-9999,27.6,930.32,0.01,0.8,0.5,-9999,3,1,-9999
FRB20181128A,181128.J0456+63,FRB20181128A,35.7,450.382,0.009,0.6,0.4,-9999,8,4,-9999
FRB20181128A,181128.J0456+63,FRB20181128A,35.7,450.382,0.009,0.6,0.4,-9999,8,4,-9999
FRB20181128B,-9999,-9999,17.2,456.55,0.03,0.3,0.2,-9999,1.9,0.9,-9999
FRB20181128D,-9999,-9999,55.3,146.501,0.004,3,1,-9999,7,3,-9999
FRB20181128C,-9999,-9999,22.2,618.35,0.002,0.4,0.3,-9999,3,1,-9999
FRB20181128C,-9999,-9999,22.2,618.35,0.002,0.4,0.3,-9999,3,1,-9999
FRB20181129A,-9999,-9999,34.7,385.968,0.002,1.5,0.8,-9999,3,1,-9999
FRB20181129B,-9999,-9999,25.7,405.905,0.005,4,3,-9999,9,6,-9999
FRB20181129C,-9999,-9999,23.1,502.22,0.01,0.8,0.3,-9999,4,1,-9999
FRB20181130A,-9999,-9999,43.7,220.09,0.004,1,0.6,-9999,1.3,0.7,-9999
FRB20181201A,-9999,-9999,43.6,694.36,0.06,0.4,0.2,-9999,19,6,-9999
FRB20181201B,-9999,-9999,17.4,876.58,0.02,0.7,0.3,-9999,2.2,0.9,-9999
FRB20181202A,-9999,-9999,40.6,667.955,0.005,2.6,0.9,-9999,14,4,-9999
FRB20181202B,-9999,-9999,20.1,825.883,0.007,1,0.4,-9999,4,1,-9999
FRB20181202C,-9999,-9999,19,557.16,0.009,0.5,0.3,-9999,3,2,-9999
FRB20181203A,-9999,-9999,29.4,635.925,0.002,1.7,0.7,-9999,4,1,-9999
FRB20181203B,-9999,-9999,35.4,375.387,0.004,1.4,0.6,-9999,5,2,-9999
FRB20181203C,-9999,-9999,22.5,2444.57,0.02,1,0.6,-9999,5,3,-9999
FRB20181208A,-9999,-9999,29.7,562.78,0.01,0.9,0.4,-9999,4,1,-9999
FRB20181209A,-9999,-9999,47.4,328.656,0.004,2,1,-9999,3,1,-9999
FRB20181213A,-9999,-9999,21.6,678.67,0.01,0.9,0.4,-9999,3,1,-9999
FRB20181213B,-9999,-9999,16.3,626.59,0.01,0.8,0.5,-9999,2,1,-9999
FRB20181213C,-9999,-9999,15,380.74,0.02,0.6,0.4,-9999,2,1,-9999
FRB20181214A,-9999,-9999,45.2,468.15,0.01,0.16,0.08,-9999,0.4,0.2,-9999
FRB20181214B,-9999,-9999,13.3,1120.75,0.01,0.4,0.2,-9999,1.2,0.4,-9999
FRB20181214C,-9999,-9999,39.9,632.785,0.004,1.2,0.4,-9999,5,2,-9999
FRB20181214D,-9999,-9999,28.5,1177.32,0.02,0.6,0.3,-9999,9,4,-9999
FRB20181214F,-9999,-9999,20.2,2105.8,0.1,0.3,0.2,-9999,2.2,0.9,-9999
FRB20181215A,-9999,-9999,11.8,412.63,0.02,0.3,0.2,-9999,0.7,0.2,-9999
FRB20181215B,-9999,-9999,29.8,494.014,0.002,2,1,-9999,3,2,-9999
FRB20181216A,-9999,-9999,15.7,542.738,0.005,0.9,0.7,-9999,2,1,-9999
FRB20181217A,-9999,-9999,15.8,1177.167,0.006,0.6,0.2,-9999,1.8,0.6,-9999
FRB20181218A,-9999,-9999,30.8,1874.41,0.03,0.8,0.6,-9999,2,1,-9999
FRB20181218B,-9999,-9999,14.9,753.4,0.02,0.6,0.4,-9999,2,1,-9999
FRB20181218C,-9999,-9999,13.5,384.2,0.1,0.3,0.2,-9999,1.7,0.7,-9999
FRB20181219B,-9999,-9999,43,1952.166,0.003,5,4,-9999,30,20,-9999
FRB20181219C,-9999,-9999,27.7,647.89,0.01,0.21,0.09,-9999,0.6,0.2,-9999
FRB20181219A,-9999,FRB20181128A,16.3,451.81,0.07,0.4,0.3,-9999,5,3,-9999
FRB20181220A,-9999,-9999,40.1,209.402,0.005,1.3,0.8,-9999,3,2,-9999
FRB20181220B,-9999,-9999,24.7,257.799,0.003,3,2,-9999,4,3,-9999
FRB20181221A,-9999,-9999,78.8,316.24,0.01,1.2,0.5,-9999,6,2,-9999
FRB20181221B,-9999,-9999,52.1,1395.021,0.008,1,0.6,-9999,3,2,-9999
FRB20181222A,-9999,FRB20180916B,214.4,348.7365,0.0003,5,2,-9999,50,10,-9999
FRB20181222A,-9999,FRB20180916B,214.4,348.7365,0.0003,5,2,-9999,50,10,-9999
FRB20181222A,-9999,FRB20180916B,214.4,348.7365,0.0003,5,2,-9999,50,10,-9999
FRB20181222A,-9999,FRB20180916B,214.4,348.7365,0.0003,5,2,-9999,50,10,-9999
FRB20181222B,-9999,-9999,12.7,619.248,0.007,0.5,0.2,-9999,0.8,0.5,-9999
FRB20181222C,-9999,-9999,17.5,1104.89,0.03,0.8,0.4,-9999,3,1,-9999
FRB20181222D,-9999,-9999,20.2,1417.1,0.1,0.2,0.2,-9999,1.2,0.8,-9999
FRB20181222E,-9999,-9999,36.7,327.98,0.005,1.1,0.7,-9999,6,3,-9999
FRB20181222E,-9999,-9999,36.7,327.98,0.005,1.1,0.7,-9999,6,3,-9999
FRB20181223A,-9999,FRB20180916B,67.2,349.71,0.008,2,0.8,-9999,16,5,-9999
FRB20181223A,-9999,FRB20180916B,67.2,349.71,0.008,2,0.8,-9999,16,5,-9999
FRB20181223B,-9999,-9999,21.3,565.66,0.02,0.7,0.3,-9999,4,1,-9999
FRB20181223C,-9999,-9999,28.3,112.512,0.003,1.4,0.5,-9999,2.8,0.9,-9999
FRB20181224A,-9999,-9999,104.1,310.2064,0.0004,4,2,-9999,3,2,-9999
FRB20181224B,-9999,-9999,22.4,781.01,0.01,0.8,0.5,-9999,3,2,-9999
FRB20181224C,-9999,-9999,26.9,596.32,0.06,0.5,0.3,-9999,10,3,-9999
FRB20181224D,-9999,-9999,12.8,690.2,0.02,0.5,0.3,-9999,2,1,-9999
FRB20181224E,-9999,-9999,42.1,581.854,0.004,4,2,-9999,10,5,-9999
FRB20181224E,-9999,-9999,42.1,581.854,0.004,4,2,-9999,10,5,-9999
FRB20181225A,-9999,FRB20180916B,31.8,349.62,0.04,0.6,0.4,-9999,4,2,-9999
FRB20181225B,-9999,-9999,27.6,299.287,0.005,2,1,-9999,7,4,-9999
FRB20181226C,-9999,-9999,25.3,409.018,0.006,0.9,0.5,-9999,3,1,-9999
FRB20181226A,-9999,FRB20180916B,69,349.011,0.001,1.6,0.6,-9999,6,1,-9999
FRB20181226A,-9999,FRB20180916B,69,349.011,0.001,1.6,0.6,-9999,6,1,-9999
FRB20181226D,-9999,-9999,34.7,385.378,0.003,1.9,0.8,-9999,3,1,-9999
FRB20181226B,-9999,-9999,176.6,287.036,0.002,9,3,-9999,50,20,-9999
FRB20181226B,-9999,-9999,176.6,287.036,0.002,9,3,-9999,50,20,-9999
FRB20181226B,-9999,-9999,176.6,287.036,0.002,9,3,-9999,50,20,-9999
FRB20181226E,-9999,-9999,20.9,308.76,0.02,0.5,0.4,-9999,1.3,0.8,-9999
FRB20181227A,-9999,-9999,11.1,791.213,0.006,0.9,0.6,-9999,1.8,0.9,-9999
FRB20181228A,-9999,-9999,18.1,748.679,0.009,1.2,0.9,-9999,4,2,-9999
FRB20181228B,-9999,-9999,34.6,568.651,0.002,0.4,0.2,-9999,1.7,0.8,-9999
FRB20181228C,-9999,-9999,10.3,510.7,0.01,0.4,0.2,-9999,0.7,0.2,-9999
FRB20181229A,-9999,-9999,31.7,955.574,0.004,1.2,0.4,-9999,4,1,-9999
FRB20181229B,-9999,-9999,22.2,389,0.1,0.4,0.4,-9999,5,3,-9999
FRB20181230A,-9999,-9999,29.7,769.61,0.02,0.9,0.5,-9999,20,10,-9999
FRB20181230B,-9999,-9999,17.6,1137.36,0.05,0.9,0.5,-9999,10,5,-9999
FRB20181230C,-9999,-9999,16.5,1037.194,0.004,0.9,0.5,-9999,2,1,-9999
FRB20181230D,-9999,-9999,20,223.967,0.002,1.4,0.8,-9999,2,1,-9999
FRB20181230E,-9999,-9999,20.5,1041.71,0.04,1,1,-9999,10,6,-9999
FRB20181231A,-9999,-9999,39.3,1376.732,0.002,1.1,0.6,-9999,2,1,-9999
FRB20181231B,-9999,-9999,55.1,197.17,0.002,0.9,0.3,-9999,2.3,0.7,-9999
FRB20181231C,-9999,-9999,27.7,556.086,0.004,0.7,0.3,-9999,1.2,0.5,-9999
FRB20190101A,-9999,-9999,33,854.61,0.02,0.6,0.3,-9999,11,3,-9999
FRB20190101B,-9999,-9999,22.8,1323.906,0.004,1,0.6,-9999,4,3,-9999
FRB20190102A,-9999,-9999,50,699.173,0.006,1.1,0.5,-9999,4,2,-9999
FRB20190102B,-9999,-9999,31.9,367.164,0.004,1.7,0.7,-9999,4,2,-9999
FRB20190103B,-9999,-9999,26.4,541.13,0.06,0.7,0.5,-9999,13,7,-9999
FRB20190103C,-9999,-9999,34.2,1349.13,0.01,2,1,-9999,13,7,-9999
FRB20190103A,-9999,FRB20181119A,40,364.563,0.005,1.1,0.4,-9999,5,2,-9999
FRB20190103D,-9999,-9999,19.8,1913.551,0.009,0.5,0.2,-9999,1.2,0.4,-9999
FRB20190103E,-9999,-9999,13.5,736.25,0.01,0.5,0.3,-9999,2,1,-9999
FRB20190104A,-9999,-9999,24.4,549.433,0.003,1.5,0.8,-9999,4,2,-9999
FRB20190104A,-9999,-9999,24.4,549.433,0.003,1.5,0.8,-9999,4,2,-9999
FRB20190104B,-9999,-9999,12.8,530.14,0.01,3,2,-9999,10,6,-9999
FRB20190105A,-9999,-9999,10.5,383.55,0.04,0.6,0.4,-9999,4,2,-9999
FRB20190106A,-9999,-9999,12.7,340.06,0.01,0.3,0.2,-9999,0.8,0.5,-9999
FRB20190106B,-9999,-9999,77.2,316.594,0.002,2,1,-9999,4,2,-9999
FRB20190107A,-9999,-9999,15,849.2,0.8,0.5,0.3,-9999,6,4,-9999
FRB20190107B,-9999,-9999,26.8,166.094,0.003,3,2,-9999,4,2,-9999
FRB20190109A,-9999,-9999,15.4,324.6,0.02,1.2,0.6,-9999,6,3,-9999
FRB20190109A,-9999,-9999,15.4,324.6,0.02,1.2,0.6,-9999,6,3,-9999
FRB20190109B,-9999,-9999,14,175.17,0.03,1,1,-9999,3,2,-9999
FRB20190110A,-9999,-9999,63,472.753,0.008,1.5,0.9,-9999,4,2,-9999
FRB20190110B,-9999,-9999,18.8,486.12,0.01,0.5,0.3,-9999,2,1,-9999
FRB20190110C,-9999,-9999,28.3,221.96,0.02,0.6,0.4,-9999,1.4,0.8,-9999
FRB20190111A,-9999,-9999,131.7,171.9682,0.0008,4,1,-9999,17,7,-9999
FRB20190111A,-9999,-9999,131.7,171.9682,0.0008,4,1,-9999,17,7,-9999
FRB20190111A,-9999,-9999,131.7,171.9682,0.0008,4,1,-9999,17,7,-9999
FRB20190111B,-9999,-9999,32.6,1336.927,0.006,0.3,0.1,-9999,0.8,0.3,-9999
FRB20190112A,-9999,-9999,66.1,425.847,0.005,1.4,0.6,-9999,16,6,-9999
FRB20190113A,-9999,-9999,12.6,428.92,0.01,1,1,-9999,6,3,-9999
FRB20190114A,-9999,-9999,21.1,887.39,0.05,0.5,0.4,-9999,2,1,-9999
FRB20190115A,-9999,-9999,12.9,1021.68,0.02,0.5,0.3,-9999,1,0.6,-9999
FRB20190115B,-9999,-9999,25.2,748.29,0.02,1.5,0.9,-9999,5,3,-9999
FRB20190116E,-9999,-9999,12.4,1491.001,0.004,0.5,0.3,-9999,1.1,0.7,-9999
FRB20190116D,-9999,-9999,16.5,1164.02,0.02,0.5,0.3,-9999,5,2,-9999
FRB20190116A,-9999,FRB20190116B,19.9,445.5,0.2,0.3,0.2,-9999,4,1,-9999
FRB20190116B,190116.J1249+27,FRB20190116B,21.9,443.55,0.02,0.5,0.3,-9999,2,1,-9999
FRB20190116C,-9999,-9999,210.6,629.2765,0.0003,30,10,-9999,60,30,-9999
FRB20190116F,-9999,-9999,15.3,316.92,0.008,0.5,0.2,-9999,1.5,0.6,-9999
FRB20190117C,-9999,-9999,10.8,865.901,0.006,0.4,0.2,-9999,0.8,0.2,-9999
FRB20190117D,-9999,-9999,20.1,1178.06,0.01,0.8,0.4,-9999,4,2,-9999
FRB20190117A,190117.J2207+17,FRB20190117A,96.9,393.36,0.002,2,1,-9999,10,5,-9999
FRB20190118B,-9999,-9999,16.1,670.9,0.1,0.3,0.2,-9999,4,1,-9999
FRB20190118A,-9999,-9999,183.4,225.1079,0.0007,9,3,-9999,18,7,-9999
FRB20190121A,-9999,-9999,45.8,425.353,0.006,2,1,-9999,11,6,-9999
FRB20190122B,-9999,-9999,9.6,469.56,0.04,0.4,0.3,-9999,1.8,0.8,-9999
FRB20190122C,-9999,-9999,110.7,689.902,0.008,4,3,-9999,50,30,-9999
FRB20190122C,-9999,-9999,110.7,689.902,0.008,4,3,-9999,50,30,-9999
FRB20190122C,-9999,-9999,110.7,689.902,0.008,4,3,-9999,50,30,-9999
FRB20190122C,-9999,-9999,110.7,689.902,0.008,4,3,-9999,50,30,-9999
FRB20190122C,-9999,-9999,110.7,689.902,0.008,4,3,-9999,50,30,-9999
FRB20190122C,-9999,-9999,110.7,689.902,0.008,4,3,-9999,50,30,-9999
FRB20190122A,-9999,-9999,19.8,1231.2,0.3,0.33,0.07,-9999,6,3,-9999
FRB20190124A,-9999,-9999,39.5,1275.85,0.02,0.6,0.4,-9999,13,9,-9999
FRB20190124B,-9999,-9999,41.1,441.38,0.01,1,0.4,-9999,12,4,-9999
FRB20190124C,-9999,-9999,148.1,303.644,0.001,3,2,-9999,14,8,-9999
FRB20190124C,-9999,-9999,148.1,303.644,0.001,3,2,-9999,14,8,-9999
FRB20190124D,-9999,-9999,13.4,340.12,0.02,0.5,0.3,-9999,2,1,-9999
FRB20190124E,-9999,-9999,17.4,617.79,0.09,0.6,0.6,-9999,7,5,-9999
FRB20190124F,-9999,-9999,60.2,254.79,0.005,4,2,-9999,6,3,-9999
FRB20190125A,-9999,-9999,12.8,564.7,0.03,0.4,0.2,-9999,3,1,-9999
FRB20190125B,-9999,-9999,26.2,178.24,0.01,0.8,0.5,Flux is an extreme lower bound due to the event being detected in the far sidelobes.,5,3,Fluence is an extreme lower bound due to the event being detected in the far sidelobes.
FRB20190126A,-9999,FRB20180916B,27.8,350.002,0.007,0.7,0.2,-9999,4,1,-9999
FRB20190127B,-9999,-9999,18.8,663.03,0.05,0.6,0.5,-9999,11,6,-9999
FRB20190128A,-9999,-9999,16.5,696.12,0.02,0.6,0.4,-9999,2,1,-9999
FRB20190128B,-9999,-9999,21.4,248.23,0.006,0.8,0.3,-9999,1.6,0.5,-9999
FRB20190128C,-9999,-9999,17.5,310.62,0.08,0.7,0.7,-9999,6,4,-9999
FRB20190128D,-9999,-9999,15.5,430.23,0.01,1,1,-9999,4,3,-9999
FRB20190129A,-9999,-9999,18.8,484.76,0.01,0.5,0.3,-9999,5,3,-9999
FRB20190130A,-9999,-9999,12.6,1367.46,0.05,0.5,0.3,-9999,4,2,-9999
FRB20190130B,-9999,-9999,65.4,989.031,0.004,0.8,0.4,-9999,2.9,0.9,-9999
FRB20190131E,-9999,-9999,50.7,279.801,0.002,3,2,-9999,5,3,-9999
FRB20190131D,-9999,-9999,48.9,642.122,0.001,3,2,-9999,7,4,-9999
FRB20190131D,-9999,-9999,48.9,642.122,0.001,3,2,-9999,7,4,-9999
FRB20190131C,-9999,-9999,21.7,507.762,0.003,0.8,0.7,-9999,2,2,-9999
FRB20190131B,-9999,-9999,17.1,1805.729,0.004,1,0.5,-9999,3,1,-9999
FRB20190201B,-9999,-9999,30.8,749.18,0.01,0.8,0.4,-9999,2,1,-9999
FRB20190201A,-9999,-9999,15.4,242.004,0.004,3,2,-9999,3,2,-9999
FRB20190202B,-9999,-9999,26.6,464.906,0.002,1.6,0.8,Flux is an extreme lower bound due to the event being detected in the far sidelobes.,3,1,Fluence is an extreme lower bound due to the event being detected in the far sidelobes.
FRB20190202A,-9999,-9999,236.3,307.3605,0.0005,40,20,-9999,90,40,-9999
FRB20190203B,-9999,-9999,12.6,582.225,0.009,0.5,0.4,-9999,0.9,0.5,-9999
FRB20190203A,-9999,-9999,61.9,420.573,0.004,1.2,0.6,-9999,4,2,-9999
FRB20190203C,-9999,-9999,12.5,370.46,0.02,1,1,-9999,4,3,-9999
FRB20190204A,-9999,-9999,13.8,449.64,0.06,0.2,0.2,-9999,1.5,0.7,-9999
FRB20190204B,-9999,-9999,37.1,1464.939,0.005,1.3,0.6,-9999,4,2,-9999
FRB20190205A,-9999,-9999,18.6,695.389,0.005,0.7,0.4,-9999,1.7,0.7,-9999
FRB20190206C,-9999,-9999,20.2,1043,0.02,0.6,0.3,-9999,4,2,-9999
FRB20190206B,-9999,-9999,17.7,352.5,0.1,1,0.9,-9999,10,6,-9999
FRB20190206A,-9999,-9999,43.5,188.336,0.006,1,1,-9999,9,7,-9999
FRB20190208B,-9999,-9999,165.2,714.2201,0.0005,10,5,-9999,14,6,-9999
FRB20190208C,-9999,-9999,31.4,238.392,0.002,1.3,0.9,-9999,1.7,0.9,-9999
FRB20190208A,190208.J1855+46,FRB20190208A,31.2,579.84,0.01,0.4,0.3,-9999,5,3,-9999
FRB20190208A,190208.J1855+46,FRB20190208A,31.2,579.84,0.01,0.4,0.3,-9999,5,3,-9999
FRB20190208A,190208.J1855+46,FRB20190208A,31.2,579.84,0.01,0.4,0.3,-9999,5,3,-9999
FRB20190208A,190208.J1855+46,FRB20190208A,31.2,579.84,0.01,0.4,0.3,-9999,5,3,-9999
FRB20190209A,190209.J0937+77,FRB20190209A,19.6,424.79,0.03,0.8,0.5,-9999,4,2,-9999
FRB20190210B,-9999,-9999,66,624.188,0.002,2.6,0.7,-9999,5,1,-9999
FRB20190210C,-9999,-9999,27.3,643.367,0.002,2.4,0.8,-9999,4,1,-9999
FRB20190210A,-9999,FRB20190209A,21.7,426.1,0.1,0.3,0.3,-9999,1.8,0.2,-9999
FRB20190210D,-9999,-9999,36,359.148,0.004,1.4,0.3,Flux is an extreme lower bound due to the event being detected in the far sidelobes.,2.5,0.5,Fluence is an extreme lower bound due to the event being detected in the far sidelobes.
FRB20190210E,-9999,-9999,15.5,580.58,0.01,0.7,0.2,-9999,1.4,0.3,-9999
FRB20190211A,-9999,-9999,27.8,1188.256,0.004,1.5,0.6,-9999,6,2,-9999
FRB20190211B,-9999,-9999,18.4,260.7,0.0007,0.3,0.1,-9999,1.3,0.4,-9999
FRB20190212B,-9999,-9999,41.6,600.187,0.003,1.6,0.8,-9999,4,2,-9999
FRB20190212C,-9999,-9999,33.2,1016.45,0.03,0.7,0.3,-9999,12,4,-9999
FRB20190212D,-9999,-9999,18.4,1139.76,0.03,0.4,0.3,-9999,6,4,-9999
FRB20190212A,190212.J18+81,FRB20190212A,15.7,301.78,0.03,0.4,0.3,-9999,3,2,-9999
FRB20190213A,190213.J02+20,FRB20190213A,17.5,651.06,0.07,0.4,0.3,-9999,2,1,-9999
FRB20190213C,-9999,-9999,11.5,357.063,0.006,0.6,0.4,-9999,1.1,0.6,-9999
FRB20190213B,-9999,FRB20190212A,23.2,301.313,0.007,0.9,0.5,-9999,4,2,-9999
FRB20190213B,-9999,FRB20190212A,23.2,301.313,0.007,0.9,0.5,-9999,4,2,-9999
FRB20190213D,-9999,-9999,25,1346.848,0.002,1,0.6,-9999,2,1,-9999
FRB20190214A,-9999,-9999,16.7,497.7,0.1,0.5,0.2,-9999,9,2,-9999
FRB20190214C,-9999,-9999,24.4,533.11,0.02,1,0.5,-9999,5,2,-9999
FRB20190215B,-9999,-9999,61.9,274.629,0.003,2,1,-9999,6,3,-9999
FRB20190216A,-9999,FRB20181017A,77.3,1282.4,0.3,0.9,0.4,-9999,50,10,-9999
FRB20190217A,-9999,-9999,20.7,798.109,0.009,0.3,0.1,-9999,1.2,0.4,-9999
FRB20190217B,-9999,-9999,16.7,846.21,0.01,0.5,0.3,-9999,6,2,-9999
FRB20190218A,-9999,-9999,16.6,1285.13,0.01,0.5,0.3,-9999,1.6,0.7,-9999
FRB20190218B,-9999,-9999,19.8,547.87,0.05,0.6,0.4,-9999,6,2,-9999
FRB20190218C,-9999,-9999,155.5,319.3239,0.0007,20,10,-9999,30,20,-9999
FRB20190219A,-9999,-9999,29.8,657.194,0.009,0.3,0.09,-9999,1,0.2,-9999
FRB20190219B,-9999,-9999,42.8,1681.11,0.02,1.1,0.4,-9999,14,3,-9999
FRB20190219C,-9999,-9999,12.4,806.69,0.02,0.4,0.2,-9999,2,0.9,-9999
FRB20190220A,-9999,-9999,17.6,216.12,0.01,0.3,0.2,-9999,0.7,0.4,-9999
FRB20190221A,-9999,-9999,22.1,223.81,0.02,1.2,0.4,-9999,2.3,0.3,-9999
FRB20190221B,-9999,-9999,15.3,393.12,0.04,0.7,0.3,-9999,6,1,-9999
FRB20190221C,-9999,-9999,26.4,2042.3,0.01,0.6,0.2,-9999,7,2,-9999
FRB20190221D,-9999,-9999,13,473.787,0.008,0.7,0.2,-9999,1.1,0.2,-9999
FRB20190222B,-9999,-9999,19.9,497.62,0.05,0.4,0.3,-9999,4,2,-9999
FRB20190222C,-9999,-9999,29,524.007,0.007,0.4,0.1,-9999,0.8,0.1,-9999
FRB20190222A,190222.J2052+69,FRB20190222A,92.4,460.17,0.01,1.7,0.9,-9999,12,6,-9999
FRB20190222D,-9999,-9999,12.6,895.298,0.005,0.8,0.3,-9999,0.9,0.3,-9999
FRB20190223A,-9999,-9999,20.5,389.24,0.01,0.5,0.3,-9999,1.6,0.7,-9999
FRB20190223B,-9999,-9999,12.5,536.514,0.005,0.5,0.2,-9999,0.8,0.2,-9999
FRB20190224A,-9999,-9999,28.6,818.4,0.09,0.6,0.3,-9999,8,3,-9999
FRB20190224B,-9999,-9999,16.2,839.367,0.005,2,2,-9999,4,3,-9999
FRB20190224C,-9999,-9999,30.7,497.4,0.004,1.4,0.7,-9999,8,4,-9999
FRB20190224D,-9999,-9999,41.9,752.952,0.002,3,1,-9999,6,2,-9999
FRB20190224E,-9999,-9999,71,435.861,0.001,2,0.4,-9999,4,0.8,-9999
FRB20190226A,-9999,-9999,32.4,601.573,0.002,1.5,0.4,-9999,1.4,0.4,-9999
FRB20190226B,-9999,-9999,13.2,631.6,0.03,0.4,0.2,-9999,2.4,0.7,-9999
FRB20190226C,-9999,-9999,15.9,827.77,0.02,0.4,0.2,-9999,1.4,0.4,-9999
FRB20190227A,-9999,-9999,112,394.039,0.001,3.6,0.6,-9999,13,2,-9999
FRB20190227B,-9999,-9999,15.9,331.229,0.003,0.5,0.1,-9999,0.7,0.2,-9999
FRB20190228A,-9999,-9999,109.3,419.083,0.005,1.8,0.3,-9999,36,5,-9999
FRB20190228B,-9999,-9999,60.6,1115.246,0.008,5,3,-9999,70,30,-9999
FRB20190301B,-9999,-9999,14.9,621.33,0.02,0.4,0.2,-9999,0.8,0.4,-9999
FRB20190301C,-9999,-9999,13.6,802.91,0.02,0.3,0.2,-9999,2.3,0.5,-9999
FRB20190301D,-9999,-9999,16.3,1160.69,0.02,0.4,0.1,-9999,1.5,0.2,-9999
FRB20190301A,-9999,FRB20190222A,53.5,459.56,0.01,1.8,0.7,-9999,9,3,-9999
FRB20190301A,-9999,FRB20190222A,53.5,459.56,0.01,1.8,0.7,-9999,9,3,-9999
FRB20190302A,-9999,-9999,48.7,1034.24,0.06,0.6,0.3,-9999,30,10,-9999
FRB20190303B,-9999,-9999,265.8,193.507,0.0007,9,4,-9999,40,20,-9999
FRB20190303C,-9999,-9999,19.6,1089.66,0.01,0.8,0.2,-9999,3.5,0.5,-9999
FRB20190303D,-9999,-9999,11.2,711.15,0.01,0.6,0.4,-9999,1.2,0.7,-9999
FRB20190303A,-9999,FRB20190303A,23.1,221.67,0.02,0.5,0.3,-9999,3,1,-9999
FRB20190304A,-9999,-9999,48.1,483.73,0.01,0.7,0.3,-9999,3,1,-9999
FRB20190304B,-9999,-9999,28.8,470.005,0.006,0.7,0.3,-9999,2.2,0.6,-9999
FRB20190304C,-9999,-9999,15.9,564.99,0.01,0.5,0.2,-9999,1.3,0.1,-9999
FRB20190307A,-9999,-9999,18.7,355.34,0.06,0,0,No flux calculated for this burst due to bad gains with no scaling factor. See Section 3.4.,0,0,No fluence calculated for this burst due to bad gains with no scaling factor. See Section 3.4.
FRB20190307B,-9999,-9999,19.9,294,0.05,0,0,No flux calculated for this burst due to bad gains with no scaling factor. See Section 3.4.,0,0,No fluence calculated for this burst due to bad gains with no scaling factor. See Section 3.4.
FRB20190308C,-9999,-9999,39,500.52,0.03,0.5,0.4,-9999,5,2,-9999
FRB20190308C,-9999,-9999,39,500.52,0.03,0.5,0.4,-9999,5,2,-9999
FRB20190308B,-9999,-9999,21.8,180.18,0.007,1.1,0.9,-9999,1.4,0.8,-9999
FRB20190308B,-9999,-9999,21.8,180.18,0.007,1.1,0.9,-9999,1.4,0.8,-9999
FRB20190309A,-9999,-9999,12.3,356.9,0.03,0.4,0.3,-9999,0.7,0.4,-9999
FRB20190313B,-9999,-9999,14.8,1191.25,0.06,0.7,0.3,-9999,2.7,0.8,-9999
FRB20190313A,-9999,FRB20181119A,12.4,364.5,0.1,0.4,0.2,-9999,1.5,0.6,-9999
FRB20190316A,-9999,-9999,19,515.927,0.006,1.3,0.5,-9999,2.5,0.8,-9999
FRB20190317A,-9999,-9999,9.8,1157.259,0.007,0.5,0.2,-9999,1.2,0.4,-9999
FRB20190317B,-9999,-9999,11.8,424.31,0.01,0.7,0.2,-9999,1.9,0.5,-9999
FRB20190317C,-9999,-9999,18.1,598.26,0.07,0.4,0.2,-9999,8,3,-9999
FRB20190317F,-9999,-9999,82.3,1118.11,0.01,1.6,0.8,-9999,30,10,-9999
FRB20190317E,-9999,-9999,14.9,800.88,0.01,2.2,0.7,-9999,7,2,-9999
FRB20190318A,-9999,-9999,32.4,419.266,0.008,1.6,0.4,-9999,14,3,-9999
FRB20190319A,-9999,-9999,23.7,2039.94,0.01,2.8,0.8,-9999,19,4,-9999
FRB20190320A,-9999,-9999,16,614.15,0.01,0.9,0.3,-9999,4,1,-9999
FRB20190320B,-9999,-9999,20.1,489.495,0.007,0.7,0.2,-9999,1.9,0.3,-9999
FRB20190320C,-9999,-9999,12.9,368.79,0.009,1.2,0.3,-9999,3.1,0.6,-9999
FRB20190320D,-9999,-9999,16.9,1141.3,0.2,0.5,0.2,-9999,11,2,-9999
FRB20190320E,-9999,-9999,38.8,299.135,0.004,4,2,-9999,12,4,-9999
FRB20190322A,-9999,-9999,22.5,1060.12,0.03,0.6,0.3,-9999,10,3,-9999
FRB20190322B,-9999,-9999,10.2,576.98,0.02,0.6,0.4,-9999,2,0.9,-9999
FRB20190322C,-9999,-9999,61.9,1192.081,0.001,4,2,-9999,13,6,-9999
FRB20190323A,-9999,-9999,14.4,857.504,0.009,0.7,0.3,-9999,2.7,0.8,-9999
FRB20190323B,-9999,-9999,76.8,789.5631,0.0008,7,1,-9999,11,1,-9999
FRB20190323C,-9999,-9999,12.7,381.12,0.01,0.6,0.2,-9999,1.4,0.2,-9999
FRB20190323D,-9999,-9999,12.2,763.7,0.2,0.4,0.2,-9999,2.5,0.9,-9999
FRB20190325A,-9999,-9999,15.6,359.29,0.01,1.3,0.7,-9999,5,2,-9999
FRB20190325B,-9999,-9999,11.9,1733.92,0.03,0.7,0.2,-9999,3.8,0.8,-9999
FRB20190325C,-9999,-9999,12.3,797.83,0.03,0.6,0.2,-9999,3.8,0.9,-9999
FRB20190326A,-9999,-9999,13.4,283.311,0.005,1,0.3,-9999,1.5,0.4,-9999
FRB20190327A,-9999,-9999,36.4,346.575,0.002,2.4,0.8,-9999,5,2,-9999
FRB20190328A,-9999,-9999,9.1,1303.6,0.1,0.4,0.2,-9999,2.7,0.5,-9999
FRB20190328B,-9999,-9999,10.6,565,0.02,0.7,0.3,-9999,2.1,0.5,-9999
FRB20190328C,-9999,-9999,21.6,472.861,0.008,5,2,-9999,15,7,-9999
FRB20190329B,-9999,-9999,24.5,406.054,0.007,0,0,No flux calculated for this burst due to bad gains with no scaling factor. See Section 3.4.,0,0,No fluence calculated for this burst due to bad gains with no scaling factor. See Section 3.4.
FRB20190329C,-9999,-9999,27.5,1256.359,0.007,0,0,No flux calculated for this burst due to bad gains with no scaling factor. See Section 3.4.,0,0,No fluence calculated for this burst due to bad gains with no scaling factor. See Section 3.4.
FRB20190329A,-9999,-9999,19.3,188.61,0.05,0.5,0.2,-9999,2.2,0.8,-9999
FRB20190330A,-9999,-9999,10.7,508.97,0.02,0.4,0.1,-9999,1.1,0.2,-9999
FRB20190330B,-9999,-9999,51.9,668.093,0.002,2.8,0.9,-9999,5,2,-9999
FRB20190401A,-9999,-9999,24.8,783.22,0.02,1.1,0.5,-9999,9,3,-9999
FRB20190402A,-9999,-9999,11.5,1291.69,0.08,0.3,0.2,-9999,1.3,0.5,-9999
FRB20190403G,-9999,-9999,15.8,865.31,0.01,0.8,0.3,-9999,1.6,0.4,-9999
FRB20190403A,-9999,-9999,15.2,518.83,0.01,1.1,0.3,-9999,3.2,0.9,-9999
FRB20190403B,-9999,-9999,26,292.47,0.03,3,1,-9999,24,7,-9999
FRB20190403C,-9999,-9999,12.2,935.01,0.03,0.4,0.2,-9999,1.5,0.3,-9999
FRB20190403D,-9999,-9999,9.9,613.46,0.03,0.7,0.4,-9999,1.8,0.6,-9999
FRB20190403E,-9999,-9999,57,226.2,0.01,4,2,-9999,80,30,-9999
FRB20190403F,-9999,-9999,16.4,664.18,0.02,0.6,0.3,-9999,7,2,-9999
FRB20190404A,-9999,-9999,24.4,1353.901,0.009,1.2,0.4,-9999,4,2,-9999
FRB20190404B,-9999,-9999,175.1,489.4231,0.0006,9,2,-9999,16,3,-9999
FRB20190405A,-9999,-9999,10.9,424.88,0.03,0.7,0.4,-9999,3,1,-9999
FRB20190405B,-9999,-9999,21.4,1113.218,0.009,3,1,-9999,18,6,-9999
FRB20190406A,-9999,FRB20190208A,16.3,580.225,0.009,0.5,0.3,-9999,2,1,-9999
FRB20190408A,-9999,-9999,12.9,863.38,0.007,0.6,0.4,-9999,1.5,0.7,-9999
FRB20190409A,-9999,-9999,19.7,1791.891,0.005,3,1,-9999,9,3,-9999
FRB20190409B,-9999,-9999,20.2,285.63,0.04,0.4,0.2,-9999,7,3,-9999
FRB20190409C,-9999,-9999,12.1,674.63,0.01,1,0.5,-9999,2.2,0.9,-9999
FRB20190409D,-9999,-9999,17.3,1300.12,0.01,0.6,0.2,-9999,2.7,0.7,-9999
FRB20190410A,-9999,-9999,13.6,284.02,0.01,1.6,0.8,-9999,6,2,-9999
FRB20190410B,-9999,-9999,30.8,642.17,0.009,0.2,0.1,-9999,0.4,0.2,-9999
FRB20190411A,-9999,-9999,9.8,460.555,0.007,1.2,0.6,-9999,1.4,0.5,-9999
FRB20190411B,-9999,-9999,17.5,1229.58,0.02,0.9,0.2,-9999,3.7,0.6,-9999
FRB20190411C,-9999,-9999,50,233.66,0.004,3.2,0.9,-9999,9,2,-9999
FRB20190411C,-9999,-9999,50,233.66,0.004,3.2,0.9,-9999,9,2,-9999
FRB20190412A,-9999,-9999,44.3,364.733,0.003,1.8,0.6,-9999,7,2,-9999
FRB20190412B,-9999,-9999,16.8,375.7,0.3,0.7,0.4,-9999,13,5,-9999
FRB20190414A,-9999,-9999,14.6,811.98,0.03,0.4,0.2,-9999,1.7,0.5,-9999
FRB20190414B,-9999,-9999,13.7,506.49,0.09,0.5,0.2,-9999,4,1,-9999
FRB20190415A,-9999,-9999,13,633.68,0.03,0.6,0.3,-9999,4,1,-9999
FRB20190415B,-9999,-9999,50.8,722.99,0.08,0.9,0.2,-9999,22,3,-9999
FRB20190415C,-9999,-9999,7.9,650.18,0.02,0.5,0.2,-9999,0.8,0.2,-9999
FRB20190416A,-9999,-9999,14.8,2287.27,0.04,0.6,0.3,-9999,2.8,0.9,-9999
FRB20190416B,-9999,-9999,29.1,575.36,0.01,0.7,0.3,-9999,1.5,0.5,-9999
FRB20190417B,-9999,-9999,17.1,1161.2,0.1,0.5,0.2,-9999,10,2,-9999
FRB20190417A,190417.J1939+59,FRB20190417A,26.2,1380.1,0.1,0.5,0.2,-9999,6,1,-9999
FRB20190417C,-9999,-9999,95.1,320.2319,0.0004,8,4,-9999,11,5,-9999
FRB20190418A,-9999,-9999,26.7,184.507,0.008,1,0.6,-9999,2,1,-9999
FRB20190419A,-9999,-9999,10.8,439.97,0.06,0.4,0.2,-9999,0.8,0.3,-9999
FRB20190419B,-9999,-9999,36.2,165.075,0.005,5,2,-9999,8,3,-9999
FRB20190420B,-9999,-9999,35.5,846.843,0.004,2,1,-9999,15,7,-9999
FRB20190420A,-9999,-9999,25.4,609.1,0.007,0.9,0.2,-9999,3.1,0.6,-9999
FRB20190420C,-9999,-9999,13.2,629.95,0.06,0.4,0.2,-9999,4,1,-9999
FRB20190421A,190303.J1353+48,FRB20190303A,23.2,223.64,0.01,0.4,0.2,-9999,5,1,-9999
FRB20190421A,190303.J1353+48,FRB20190303A,23.2,223.64,0.01,0.4,0.2,-9999,5,1,-9999
FRB20190421B,-9999,-9999,79.6,392.247,0.001,5,2,-9999,16,5,-9999
FRB20190422B,-9999,-9999,10.1,977.39,0.05,0.2,0.1,-9999,1.6,0.5,-9999
FRB20190422A,-9999,-9999,29.1,452.3,0.01,0.6,0.3,-9999,9,3,-9999
FRB20190422A,-9999,-9999,29.1,452.3,0.01,0.6,0.3,-9999,9,3,-9999
FRB20190422A,-9999,-9999,29.1,452.3,0.01,0.6,0.3,-9999,9,3,-9999
FRB20190423A,-9999,-9999,458.5,242.6456,0.0006,11,2,-9999,55,9,-9999
FRB20190423A,-9999,-9999,458.5,242.6456,0.0006,11,2,-9999,55,9,-9999
FRB20190423B,-9999,-9999,26.6,584.95,0.02,0.9,0.3,-9999,7,1,-9999
FRB20190423B,-9999,-9999,26.6,584.95,0.02,0.9,0.3,-9999,7,1,-9999
FRB20190423C,-9999,-9999,20.4,855.527,0.005,1.2,0.4,-9999,4,1,-9999
FRB20190423D,-9999,-9999,29.1,496.45,0.02,1.7,0.8,-9999,18,7,-9999
FRB20190424A,-9999,-9999,21.4,758.672,0.004,1.1,0.4,-9999,2,0.6,-9999
FRB20190425A,-9999,-9999,229.9,128.1577,0.0002,19,3,-9999,32,4,-9999
FRB20190425B,-9999,-9999,21.6,1031.724,0.009,1.2,0.7,-9999,3,1,-9999
FRB20190426A,-9999,-9999,37.1,340.662,0.002,1.6,0.3,-9999,2,0.3,-9999
FRB20190427A,-9999,-9999,27.5,455.783,0.003,4,1,-9999,10,3,-9999
FRB20190428A,-9999,-9999,45.7,969.4,0.002,2.2,0.7,-9999,7,2,-9999
FRB20190429A,-9999,-9999,11.2,470.88,0.01,0.8,0.2,-9999,1.8,0.3,-9999
FRB20190429B,-9999,-9999,18.2,295.7,0.8,0.7,0.5,-9999,5,2,-9999
FRB20190430B,-9999,-9999,12.6,2619.4,0.09,0.4,0.2,-9999,1.5,0.5,-9999
FRB20190430A,-9999,-9999,14.8,339.3,0.2,0.7,0.5,-9999,8,2,-9999
FRB20190430C,-9999,-9999,32.2,400.56,0.01,2.2,0.5,-9999,5,1,-9999
FRB20190501B,-9999,-9999,29.8,784.07,0.01,0.9,0.2,-9999,3.2,0.5,-9999
FRB20190501B,-9999,-9999,29.8,784.07,0.01,0.9,0.2,-9999,3.2,0.5,-9999
FRB20190502A,-9999,-9999,75.8,625.769,0.005,3.2,0.7,-9999,12,2,-9999
FRB20190502B,-9999,-9999,66.5,918.614,0.009,2.6,0.5,-9999,10,2,-9999
FRB20190502C,-9999,-9999,28.5,396.835,0.009,4,2,-9999,8,3,-9999
FRB20190515A,-9999,-9999,39.3,450.5,0.07,0.5,0.1,-9999,17,2,-9999
FRB20190515B,-9999,-9999,31.1,822.189,0.006,3,1,-9999,11,5,-9999
FRB20190515C,-9999,FRB20190213A,20.9,652.4,0.2,0.5,0.3,-9999,6,2,-9999
FRB20190515D,-9999,-9999,35.5,426.061,0.005,3,2,-9999,9,4,-9999
FRB20190516B,-9999,-9999,19.4,1235.42,0.05,1.1,0.8,-9999,10,5,-9999
FRB20190517D,-9999,-9999,12,1180.15,0.06,0.5,0.3,-9999,6,3,-9999
FRB20190517B,-9999,FRB20180814A,14,191.7,0.3,0.5,0.3,-9999,4,2,-9999
FRB20190517C,-9999,-9999,58.3,335.575,0.004,3,1,-9999,9,3,-9999
FRB20190518B,-9999,-9999,16.7,913.772,0.004,1.5,0.7,-9999,2,1,-9999
FRB20190518C,-9999,-9999,46.4,444.08,0.003,7,2,-9999,15,3,-9999
FRB20190518D,-9999,-9999,19.3,202.455,0.006,1,1,-9999,3,2,-9999
FRB20190518A,-9999,FRB20180916B,10.6,349.61,0.05,0.3,0.2,-9999,1.5,0.3,-9999
FRB20190518E,-9999,FRB20180916B,22,350.145,0.007,0.8,0.3,-9999,3.8,0.9,-9999
FRB20190518G,-9999,-9999,33.6,524.946,0.004,1,0.4,-9999,1.8,0.6,-9999
FRB20190519D,-9999,-9999,25.3,539.77,0.01,0.4,0.2,-9999,0.8,0.4,-9999
FRB20190519E,-9999,-9999,30.3,693.83,0.001,1,0.5,-9999,1.5,0.7,-9999
FRB20190519F,-9999,-9999,41,797.77,0.02,0.7,0.4,-9999,4,1,-9999
FRB20190519G,-9999,-9999,40.9,430.09,0.02,1.1,0.8,-9999,20,10,-9999
FRB20190519H,-9999,-9999,57.7,1170.873,0.003,3,2,-9999,7,3,-9999
FRB20190519A,-9999,FRB20180916B,43.4,348.713,0.004,1.2,0.5,-9999,4,1,-9999
FRB20190519A,-9999,FRB20180916B,43.4,348.713,0.004,1.2,0.5,-9999,4,1,-9999
FRB20190519B,-9999,FRB20180916B,44.8,349.28,0.04,1,0.4,-9999,12,4,-9999
FRB20190519B,-9999,FRB20180916B,44.8,349.28,0.04,1,0.4,-9999,12,4,-9999
FRB20190519B,-9999,FRB20180916B,44.8,349.28,0.04,1,0.4,-9999,12,4,-9999
FRB20190519B,-9999,FRB20180916B,44.8,349.28,0.04,1,0.4,-9999,12,4,-9999
FRB20190519C,-9999,FRB20180916B,27.1,349.06,0.02,0.6,0.3,-9999,4,1,-9999
FRB20190519J,-9999,-9999,18.6,642.76,0.04,0.6,0.5,-9999,2,1,-9999
FRB20190520A,-9999,-9999,28.7,432.506,0.006,1.1,0.5,-9999,2,1,-9999
FRB20190527A,-9999,-9999,32.8,584.6,0.2,0.5,0.4,-9999,10,4,-9999
FRB20190527A,-9999,-9999,32.8,584.6,0.2,0.5,0.4,-9999,10,4,-9999
FRB20190527B,-9999,FRB20181128A,10,449.82,0.07,0.4,0.3,-9999,2,0.9,-9999
FRB20190527C,-9999,-9999,80.2,535.437,0.002,3,2,-9999,20,10,-9999
FRB20190529A,-9999,-9999,8.3,704.45,0.08,0.5,0.3,-9999,1.4,0.5,-9999
FRB20190530A,-9999,-9999,14.9,555.44,0.02,0.6,0.4,-9999,1.7,0.9,-9999
FRB20190531A,-9999,-9999,14.4,324.698,0.006,0,0,No flux calculated for this burst due to bad gains with no scaling factor. See Section 3.4.,0,0,No fluence calculated for this burst due to bad gains with no scaling factor. See Section 3.4.
FRB20190531B,-9999,-9999,122.4,167.96,0.001,0,0,No flux calculated for this burst due to bad gains with no scaling factor. See Section 3.4.,0,0,No fluence calculated for this burst due to bad gains with no scaling factor. See Section 3.4.
FRB20190531C,-9999,-9999,12.2,478.2,0.03,0.4,0.3,-9999,1,1,-9999
FRB20190531E,-9999,-9999,14.2,328.203,0.003,3,2,-9999,5,3,-9999
FRB20190601A,-9999,-9999,16.4,2227.89,0.01,0.7,0.6,-9999,3,2,-9999
FRB20190601B,-9999,-9999,62.7,787.8,0.09,1,0.4,-9999,13,4,-9999
FRB20190601D,-9999,-9999,11.5,668.5,0.1,0.6,0.4,-9999,6,2,-9999
FRB20190601C,-9999,-9999,47.9,424.066,0.006,1.3,0.7,-9999,6,2,-9999
FRB20190601C,-9999,-9999,47.9,424.066,0.006,1.3,0.7,-9999,6,2,-9999
FRB20190603B,-9999,-9999,12.7,504.32,0.02,2,1,-9999,6,3,-9999
FRB20190603A,-9999,FRB20180916B,10.5,349.58,0.01,0.6,0.3,-9999,0.8,0.2,-9999
FRB20190604D,-9999,-9999,15,1021.17,0.01,0.8,0.4,-9999,2.5,0.8,-9999
FRB20190604A,190604.J1435+53,FRB20190604A,70,552.48,0.02,0.9,0.4,-9999,8,2,-9999
FRB20190604E,-9999,-9999,19.7,1218.596,0.008,1.2,0.5,-9999,2.3,0.8,-9999
FRB20190604F,-9999,FRB20180916B,98.8,348.725,0.004,3.4,0.8,-9999,21,4,-9999
FRB20190604F,-9999,FRB20180916B,98.8,348.725,0.004,3.4,0.8,-9999,21,4,-9999
FRB20190604F,-9999,FRB20180916B,98.8,348.725,0.004,3.4,0.8,-9999,21,4,-9999
FRB20190604C,-9999,-9999,61.6,515.64,0.05,1.6,0.4,-9999,26,4,-9999
FRB20190604G,-9999,-9999,24.8,233.05,0.01,1.2,0.3,-9999,4.5,0.7,-9999
FRB20190605C,-9999,-9999,47.5,187.642,0.002,5,1,-9999,4,1,-9999
FRB20190605D,-9999,-9999,17.4,1656.533,0.005,0.8,0.4,-9999,2.2,0.8,-9999
FRB20190605A,-9999,FRB20180916B,55.5,349.82,0.02,1.4,0.3,-9999,7,1,-9999
FRB20190605B,-9999,FRB20180916B,87.8,348.71,0.01,1.8,0.4,-9999,25,4,-9999
FRB20190605B,-9999,FRB20180916B,87.8,348.71,0.01,1.8,0.4,-9999,25,4,-9999
FRB20190605B,-9999,FRB20180916B,87.8,348.71,0.01,1.8,0.4,-9999,25,4,-9999
FRB20190606A,-9999,FRB20190604A,18.3,552.59,0.06,0.5,0.3,-9999,1.9,0.9,-9999
FRB20190606B,-9999,-9999,39.9,277.49,0.02,2.6,0.9,-9999,17,5,-9999
FRB20190607A,-9999,-9999,142,562.453,0.004,4.4,0.8,-9999,21,4,-9999
FRB20190607B,-9999,-9999,17.5,289.376,0.005,1.1,0.4,-9999,3.2,0.6,-9999
FRB20190608A,-9999,-9999,14.4,722.176,0.004,1.3,0.5,-9999,1.5,0.6,-9999
FRB20190609A,-9999,-9999,21,316.643,0.002,4,2,-9999,10,4,-9999
FRB20190609A,-9999,-9999,21,316.643,0.002,4,2,-9999,10,4,-9999
FRB20190609B,-9999,-9999,76.5,292.188,0.001,12,5,-9999,22,8,-9999
FRB20190609C,-9999,-9999,17.1,480.3,0.1,0.6,0.2,-9999,1.9,0.4,-9999
FRB20190609D,-9999,-9999,16.2,511.71,0.04,0.7,0.3,-9999,2.4,0.9,-9999
FRB20190611A,-9999,FRB20180814A,26.2,190.45,0.01,1.2,0.3,-9999,8,1,-9999
FRB20190611A,-9999,FRB20180814A,26.2,190.45,0.01,1.2,0.3,-9999,8,1,-9999
FRB20190612A,-9999,-9999,22.2,432.29,0.05,0.8,0.5,-9999,20,10,-9999
FRB20190612B,-9999,-9999,25.6,187.6,0.004,2.4,0.5,-9999,3.8,0.7,-9999
FRB20190612C,-9999,-9999,36.2,1641.57,0.004,4,1,-9999,12,3,-9999
FRB20190613A,-9999,-9999,14.1,714.98,0.04,1.1,0.6,-9999,8,3,-9999
FRB20190613B,-9999,-9999,44.5,285.138,0.001,1.1,0.2,-9999,1.3,0.3,-9999
FRB20190614A,-9999,-9999,14.7,1064.04,0.03,0.8,0.5,-9999,2.2,0.9,-9999
FRB20190614B,-9999,-9999,54.8,581.915,0.001,5,2,-9999,8,3,-9999
FRB20190614C,-9999,-9999,9.7,589.16,0.05,0.5,0.3,-9999,2.9,0.9,-9999
FRB20190616A,-9999,-9999,13.4,212.587,0.007,0.7,0.3,-9999,1.7,0.6,-9999
FRB20190617A,-9999,-9999,156.4,195.769,0.002,6,3,-9999,21,9,-9999
FRB20190617B,-9999,-9999,16.3,273.5,0.1,1,0.8,-9999,9,5,-9999
FRB20190617C,-9999,-9999,14.1,640.16,0.02,0.5,0.3,-9999,4,1,-9999
FRB20190618A,-9999,-9999,52.5,228.947,0.003,2,1,-9999,4,2,-9999
FRB20190619A,-9999,-9999,15.9,899.912,0.006,1.6,0.6,-9999,3.3,0.9,-9999
FRB20190619B,-9999,-9999,19,270.587,0.005,2,0.9,-9999,5,2,-9999
FRB20190619C,-9999,-9999,11.5,488.271,0.003,0.7,0.3,-9999,1.2,0.4,-9999
FRB20190619D,-9999,-9999,18.4,378.47,0.03,0.5,0.2,-9999,7,2,-9999
FRB20190621A,180908.J1232+74,FRB20180908B,11.1,197.3,0.4,0.2,0.1,-9999,0.9,0.3,-9999
FRB20190621B,-9999,-9999,9.9,1061.23,0.03,0.3,0.2,-9999,1.2,0.4,-9999
FRB20190621C,-9999,-9999,17.5,570.267,0.004,2,0.6,-9999,2.4,0.5,-9999
FRB20190621D,-9999,-9999,20,647.51,0.02,0.9,0.5,-9999,4,2,-9999
FRB20190622A,-9999,-9999,13.7,1122.82,0.02,0.6,0.4,-9999,1.3,0.6,-9999
FRB20190623A,-9999,-9999,11.1,1082.2,0.03,0.4,0.1,-9999,0.9,0.2,-9999
FRB20190623B,-9999,-9999,37.2,1556.765,0.006,1.6,0.5,-9999,2.8,0.9,-9999
FRB20190623C,-9999,-9999,15,1049.826,0.004,2,1,-9999,6,2,-9999
FRB20190624A,-9999,-9999,19.2,973.85,0.03,0.6,0.3,-9999,3,1,-9999
FRB20190624B,-9999,-9999,80.4,213.922,0.002,17,4,-9999,20,5,-9999
FRB20190625A,-9999,-9999,38.7,302.1,0.1,0.3,0.2,-9999,12,3,-9999
FRB20190625E,-9999,FRB20180814A,27.8,188.53,0.06,0.8,0.3,-9999,4,1,-9999
FRB20190625E,-9999,FRB20180814A,27.8,188.53,0.06,0.8,0.3,-9999,4,1,-9999
FRB20190625E,-9999,FRB20180814A,27.8,188.53,0.06,0.8,0.3,-9999,4,1,-9999
FRB20190625C,-9999,-9999,21.1,442.239,0.004,2.2,0.6,-9999,4,0.8,-9999
FRB20190625D,-9999,-9999,66.9,717.883,0.003,5,1,-9999,12,2,-9999
FRB20190627A,-9999,-9999,14.7,404.221,0.008,2,0.7,-9999,2.6,0.7,-9999
FRB20190627B,-9999,-9999,68.4,430.322,0.002,4.1,0.6,-9999,10,1,-9999
FRB20190627C,-9999,-9999,57,968.613,0.003,4,2,-9999,11,4,-9999
FRB20190627D,-9999,-9999,15,2002.24,0.01,0.24,0.08,-9999,1.5,0.3,-9999
FRB20190628A,-9999,-9999,14.4,745.84,0.01,0.8,0.3,-9999,1.3,0.3,-9999
FRB20190628B,-9999,-9999,16.3,408.01,0.02,0.8,0.3,-9999,1.4,0.3,-9999
FRB20190628C,-9999,-9999,13.7,1748.4,0.2,0.4,0.2,-9999,2.4,0.6,-9999
FRB20190629A,-9999,-9999,13.2,503.78,0.04,0.8,0.3,-9999,3,0.8,-9999
FRB20190630B,-9999,-9999,93.3,652.14,0.02,0.9,0.1,-9999,15,2,-9999
FRB20190630A,-9999,FRB20190117A,31.2,392.44,0.03,0.4,0.1,-9999,4.8,0.9,-9999
FRB20190630C,-9999,-9999,14.2,1660.35,0.02,0.7,0.3,-9999,2.3,0.8,-9999
FRB20190630D,-9999,-9999,19.7,323.517,0.004,1.7,0.5,-9999,2.6,0.8,-9999
FRB20190701A,-9999,-9999,14.6,637.093,0.004,1.3,0.2,-9999,1.7,0.3,-9999
FRB20190701B,-9999,-9999,17.5,749.11,0.01,1.1,0.5,-9999,1.9,0.7,-9999
FRB20190701C,-9999,-9999,16.8,974.19,0.03,0.9,0.5,-9999,2,2,-9999
FRB20190701D,-9999,-9999,44.8,933.36,0.01,1.3,0.7,-9999,9,4,-9999
FRB20190701E,-9999,-9999,16.7,890.477,0.008,0.7,0.3,-9999,2,0.5,-9999